<?xml version="1.0" encoding="utf-8"?>
<manifest identifier="_6gizagW1j8H_course_id" version="1.0" xmlns="http://www.imsproject.org/xsd/imscp_rootv1p1p2" xmlns:adlcp="http://www.adlnet.org/xsd/adlcp_rootv1p2" xmlns:xsi="http://www.w3.org/2001/XMLSchema-instance" xsi:schemaLocation="http://www.imsproject.org/xsd/imscp_rootv1p1p2 imscp_rootv1p1p2.xsd http://www.imsglobal.org/xsd/imsmd_rootv1p2p1 imsmd_rootv1p2p1.xsd http://www.adlnet.org/xsd/adlcp_rootv1p2 adlcp_rootv1p2.xsd">
  <metadata>
    <schema>ADL SCORM</schema>
    <schemaversion>1.2</schemaversion>
    <lom xmlns="http://www.imsglobal.org/xsd/imsmd_rootv1p2p1" xmlns:xsi="http://www.w3.org/2001/XMLSchema-instance" xsi:schemaLocation="http://www.imsglobal.org/xsd/imsmd_rootv1p2p1 imsmd_rootv1p2p1.xsd">
      <general>
        <title>
          <langstring xml:lang="x-none">Sprechkuenstlerische Kommunikation</langstring>
        </title>
      </general>
      <lifecycle>
        <version>
          <langstring xml:lang="x-none">1</langstring>
        </version>
        <status>
          <source>
            <langstring xml:lang="x-none">LOMv1.0</langstring>
          </source>
          <value>
            <langstring xml:lang="x-none">Final</langstring>
          </value>
        </status>
      </lifecycle>
      <metametadata>
        <metadatascheme>ADL SCORM 1.2</metadatascheme>
      </metametadata>
      <educational>
        <typicallearningtime>
          <datetime>PT0H0M0S</datetime>
        </typicallearningtime>
      </educational>
      <rights>
        <cost>
          <source>
            <langstring xml:lang="x-none">LOMv1.0</langstring>
          </source>
          <value>
            <langstring xml:lang="x-none">yes</langstring>
          </value>
        </cost>
        <copyrightandotherrestrictions>
          <source>
            <langstring xml:lang="x-none">LOMv1.0</langstring>
          </source>
          <value>
            <langstring xml:lang="x-none">yes</langstring>
          </value>
        </copyrightandotherrestrictions>
      </rights>
    </lom>
  </metadata>
  <organizations default="Sprechkuenstlerische_Kommunikation_ORG">
    <organization identifier="Sprechkuenstlerische_Kommunikation_ORG">
      <title>Sprechkuenstlerische Kommunikation</title>
      <item identifier="Cobblestone_testing_SCO" isvisible="true" identifierref="__6gizagW1j8H_course_id_RES">
        <title>Sprechkuenstlerische Kommunikation</title>
      </item>
    </organization>
  </organizations>
  <resources>
    <resource identifier="__6gizagW1j8H_course_id_RES" type="webcontent" href="index_lms.html" adlcp:scormtype="sco">
      <file href="story_content/thumbnail.jpg" />
      <file href="story_content/5h26xS30EhI_DX676_DY676.swf" />
      <file href="mobile/5h26xS30EhI_DX676_DY676_CX263_CY338.png" />
      <file href="story_content/Shape5oIdxoljgPV.swf" />
      <file href="story_content/6DXUIOE9I0t_DX360_DY360.jpg" />
      <file href="mobile/6DXUIOE9I0t_DX360_DY360_CX270_CY180.jpg" />
      <file href="story_content/6Ur378Ty0xT_DX454_DY454.swf" />
      <file href="mobile/6Ur378Ty0xT_DX454_DY454_CX250_CY88.png" />
      <file href="story_content/Shape6bGkrhDc1Zv.swf" />
      <file href="story_content/5yPXT4vdANW_DX46_DY46.swf" />
      <file href="mobile/5yPXT4vdANW_DX46_DY46_CX26_CY34.png" />
      <file href="story_content/5XcYHkjwOHM_DX36_DY36.swf" />
      <file href="mobile/5XcYHkjwOHM_DX36_DY36_CX22_CY27.png" />
      <file href="story_content/6m7akIgYGbz_FFFFFF_P_548_178_745_1597_DX786_DY786.swf" />
      <file href="mobile/6m7akIgYGbz_FFFFFF_P_548_178_745_1597_DX786_DY786_CX229_CY491.png" />
      <file href="story_content/6YJlLyyJQ0k_DX2560_DY2560.swf" />
      <file href="mobile/6YJlLyyJQ0k_DX2560_DY2560_CX1281_CY723.png" />
      <file href="story_content/5orkV5RTiFG_DX46_DY46.swf" />
      <file href="mobile/5orkV5RTiFG_DX46_DY46_CX31_CY34.png" />
      <file href="story_content/5kxHqyvCXsF_DX46_DY46.swf" />
      <file href="mobile/5kxHqyvCXsF_DX46_DY46_CX24_CY34.png" />
      <file href="story_content/6bTOu6NOXmv_DX704_DY704.jpg" />
      <file href="mobile/6bTOu6NOXmv_DX704_DY704_CX528_CY528.jpg" />
      <file href="story_content/5nDHkH5tdWO_DX480_DY480.jpg" />
      <file href="mobile/5nDHkH5tdWO_DX480_DY480_CX360_CY360.jpg" />
      <file href="story_content/5yba93rXsRO_DX560_DY560.jpg" />
      <file href="mobile/5yba93rXsRO_DX560_DY560_CX420_CY420.jpg" />
      <file href="story_content/6CceV757r7K_FFFFFF_DX404_DY404.swf" />
      <file href="mobile/6CceV757r7K_FFFFFF_DX404_DY404_CX303_CY303.png" />
      <file href="story_content/68KZfOqQzn5_DX436_DY436.jpg" />
      <file href="mobile/68KZfOqQzn5_DX436_DY436_CX327_CY327.jpg" />
      <file href="story_content/6EshN6BKkBj_DX436_DY436.jpg" />
      <file href="mobile/6EshN6BKkBj_DX436_DY436_CX327_CY327.jpg" />
      <file href="story_content/6hCPUlvR9II_DX436_DY436.jpg" />
      <file href="mobile/6hCPUlvR9II_DX436_DY436_CX327_CY327.jpg" />
      <file href="story_content/6rnIfP7kmAb_DX420_DY420.jpg" />
      <file href="mobile/6rnIfP7kmAb_DX420_DY420_CX315_CY315.jpg" />
      <file href="story_content/_glow.swf" />
      <file href="story_content/5cAj5O98e7c_DX484_DY484.jpg" />
      <file href="mobile/5cAj5O98e7c_DX484_DY484_CX363_CY363.jpg" />
      <file href="story_content/5aaFDBFGiJu_DX476_DY476.jpg" />
      <file href="mobile/5aaFDBFGiJu_DX476_DY476_CX357_CY357.jpg" />
      <file href="story_content/5fpBA2e1XHJ_DX470_DY470.jpg" />
      <file href="mobile/5fpBA2e1XHJ_DX470_DY470_CX352_CY352.jpg" />
      <file href="story_content/6r3LnWWcGQ3_DX484_DY484.jpg" />
      <file href="mobile/6r3LnWWcGQ3_DX484_DY484_CX363_CY363.jpg" />
      <file href="story_content/5gqOgUys5K7_DX476_DY476.jpg" />
      <file href="mobile/5gqOgUys5K7_DX476_DY476_CX357_CY357.jpg" />
      <file href="story_content/6NMkgCW94kY_DX470_DY470.jpg" />
      <file href="mobile/6NMkgCW94kY_DX470_DY470_CX352_CY352.jpg" />
      <file href="story_content/6YXeXPjG9nW_P_0_0_735_901_DX524_DY524.swf" />
      <file href="mobile/6YXeXPjG9nW_P_0_0_735_901_DX524_DY524_CX296_CY363.png" />
      <file href="story_content/6cOB2q7KBC9_DX476_DY476.jpg" />
      <file href="mobile/6cOB2q7KBC9_DX476_DY476_CX357_CY357.jpg" />
      <file href="story_content/5fZYinf8pe3_DX470_DY470.jpg" />
      <file href="mobile/5fZYinf8pe3_DX470_DY470_CX352_CY352.jpg" />
      <file href="story_content/5V4c7pb9Aj5_FFFFFF_DX400_DY400.swf" />
      <file href="mobile/5V4c7pb9Aj5_FFFFFF_DX400_DY400_CX300_CY300.png" />
      <file href="story_content/6N4mBpVSoCs_DX376_DY376.jpg" />
      <file href="mobile/6N4mBpVSoCs_DX376_DY376_CX282_CY282.jpg" />
      <file href="story_content/6qcgRSS9unO_DX376_DY376.jpg" />
      <file href="mobile/6qcgRSS9unO_DX376_DY376_CX282_CY282.jpg" />
      <file href="story_content/5oc5MTvOAqq_DX412_DY412.jpg" />
      <file href="mobile/5oc5MTvOAqq_DX412_DY412_CX282_CY282.jpg" />
      <file href="story_content/6TTqo6aYq1L_DX376_DY376.jpg" />
      <file href="mobile/6TTqo6aYq1L_DX376_DY376_CX282_CY282.jpg" />
      <file href="story_content/5jQFjrt2fPR_DX376_DY376.jpg" />
      <file href="mobile/5jQFjrt2fPR_DX376_DY376_CX282_CY282.jpg" />
      <file href="story_content/6m7akIgYGbz_FFFFFF_DX786_DY786.swf" />
      <file href="mobile/6m7akIgYGbz_FFFFFF_DX786_DY786_CX336_CY336.png" />
      <file href="story_content/6AaeIOiaeVK_DX484_DY484.jpg" />
      <file href="mobile/6AaeIOiaeVK_DX484_DY484_CX363_CY363.jpg" />
      <file href="story_content/5uVsm6N00Qj_DX476_DY476.jpg" />
      <file href="mobile/5uVsm6N00Qj_DX476_DY476_CX357_CY357.jpg" />
      <file href="story_content/6m7akIgYGbz_DX786_DY786.jpg" />
      <file href="mobile/6m7akIgYGbz_DX786_DY786_CX343_CY343.jpg" />
      <file href="mobile/5nDHkH5tdWO_DX480_DY480_CX343_CY343.jpg" />
      <file href="story_content/6R5zV2WKnQL_DX458_DY458.jpg" />
      <file href="mobile/6R5zV2WKnQL_DX458_DY458_CX343_CY343.jpg" />
      <file href="mobile/5oc5MTvOAqq_DX412_DY412_CX309_CY309.jpg" />
      <file href="story_content/6Mn5Pej1Lt8_DX412_DY412.jpg" />
      <file href="mobile/6Mn5Pej1Lt8_DX412_DY412_CX309_CY309.jpg" />
      <file href="story_content/6POVG8KSOtD_DX412_DY412.jpg" />
      <file href="mobile/6POVG8KSOtD_DX412_DY412_CX309_CY309.jpg" />
      <file href="story_content/5zt6iwbRCfX_P_0_140_1920_1780_DX396_DY396.swf" />
      <file href="mobile/5zt6iwbRCfX_P_0_140_1920_1780_DX396_DY396_CX271_CY251.png" />
      <file href="story_content/5V7uVHCIBR9_P_0_1066_1920_853_DX1692_DY1692.swf" />
      <file href="mobile/5V7uVHCIBR9_P_0_1066_1920_853_DX1692_DY1692_CX1269_CY564.png" />
      <file href="mobile/6Ur378Ty0xT_DX454_DY454_CX340_CY120.png" />
      <file href="story_content/5jm8BkQwoH8_DX772_DY772.swf" />
      <file href="mobile/5jm8BkQwoH8_DX772_DY772_CX386_CY102.png" />
      <file href="meta.xml" />
      <file href="story_content/FontFactory.swf" />
      <file href="story_content/fonts.swf" />
      <file href="story_content/frame.xml" />
      <file href="story_content/frame.json" />
      <file href="story_content/user.js" />
      <file href="mobile/Shape5oIdxoljgPV.png" />
      <file href="mobile/Shape6bGkrhDc1Zv.png" />
      <file href="story.swf" />
      <file href="story_content/frame.swf" />
      <file href="story_content/slides/6ZXpZAVOYVQ.swf" />
      <file href="story_content/slides/5rcFQ5PrdDE.swf" />
      <file href="story_content/slides/5wJkWLwv6N8.swf" />
      <file href="story_content/slides/5ohHGi4gx9m.swf" />
      <file href="story_content/slides/6lVK07wkZi6.swf" />
      <file href="story_content/slides/5WaUltEARtI.swf" />
      <file href="story_content/slides/5xjEd8ySwEl.swf" />
      <file href="story_content/slides/6XSisX64unM.swf" />
      <file href="story_content/slides/6qDSY2vvdXw.swf" />
      <file href="story_content/slides/5qbAJZ4FSDH.swf" />
      <file href="story_content/slides/5adD8uNZWpj.swf" />
      <file href="story_content/slides/6HJ9tgXQehF.swf" />
      <file href="story_content/slides/6ITh5kWVnIY.swf" />
      <file href="story_content/slides/6RBmzPOz53l.swf" />
      <file href="story_content/slides/6VgvLj4WwfP.swf" />
      <file href="story_content/data.swf" />
      <file href="html5/data/css/output.min.css" />
      <file href="html5/data/js/5adD8uNZWpj.js" />
      <file href="html5/data/js/5ohHGi4gx9m.js" />
      <file href="html5/data/js/5qbAJZ4FSDH.js" />
      <file href="html5/data/js/5rcFQ5PrdDE.js" />
      <file href="html5/data/js/5WaUltEARtI.js" />
      <file href="html5/data/js/5wJkWLwv6N8.js" />
      <file href="html5/data/js/5xjEd8ySwEl.js" />
      <file href="html5/data/js/6HJ9tgXQehF.js" />
      <file href="html5/data/js/6ITh5kWVnIY.js" />
      <file href="html5/data/js/6lVK07wkZi6.js" />
      <file href="html5/data/js/6qDSY2vvdXw.js" />
      <file href="html5/data/js/6RBmzPOz53l.js" />
      <file href="html5/data/js/6VgvLj4WwfP.js" />
      <file href="html5/data/js/6XSisX64unM.js" />
      <file href="html5/data/js/6ZXpZAVOYVQ.js" />
      <file href="html5/data/js/data.js" />
      <file href="html5/data/js/frame.js" />
      <file href="html5/data/js/paths.js" />
      <file href="html5/lib/scripts/app.min.js" />
      <file href="html5/lib/stylesheets/main.min.css" />
      <file href="html5/lib/stylesheets/mobile-fonts/open-sans-bold.woff" />
      <file href="html5/lib/stylesheets/mobile-fonts/open-sans-light.woff" />
      <file href="html5/lib/stylesheets/mobile-fonts/open-sans-regular.woff" />
      <file href="story.html" />
      <file href="story_flash.html" />
      <file href="story_html5.html" />
      <file href="story_content/blank.html" />
      <file href="story_content/story.js" />
      <file href="index_lms.html" />
      <file href="index_lms_html5.html" />
      <file href="index_lms_flash.html" />
      <file href="lms/AICCComm.html" />
      <file href="lms/AICCFunctions.js" />
      <file href="lms/API.js" />
      <file href="lms/APIConstants.js" />
      <file href="lms/blank.html" />
      <file href="lms/browsersniff.js" />
      <file href="lms/Configuration.js" />
      <file href="lms/goodbye.html" />
      <file href="lms/lms.js" />
      <file href="lms/LMSAPI.js" />
      <file href="lms/NONEFunctions.js" />
      <file href="lms/SCORM2004Functions.js" />
      <file href="lms/SCORMFunctions.js" />
      <file href="lms/UtilityFunctions.js" />
    </resource>
  </resources>
</manifest>