<?xml version="1.0" encoding="utf-8"?>
<tincan xmlns:xsi="http://www.w3.org/2001/XMLSchema-instance" xmlns:xsd="http://www.w3.org/2001/XMLSchema" xmlns="http://projecttincan.com/tincan.xsd">
	<activities>
		<activity id="http://6gizagW1j8H_course_id" type="http://adlnet.gov/expapi/activities/course">
			<name lang="und">Sprechkuenstlerische Kommunikation</name>
			<description lang="und" />
			<launch lang="und">story.html</launch>
		</activity>
		<activity id="http://6gizagW1j8H_course_id/6ZXpZAVOYVQ" type="http://adlnet.gov/expapi/activities/module">
			<name lang="und">Titelblatt</name>
			<description lang="und">Titelblatt</description>
		</activity>
		<activity id="http://6gizagW1j8H_course_id/5rcFQ5PrdDE" type="http://adlnet.gov/expapi/activities/module">
			<name lang="und">Begrüßung</name>
			<description lang="und">Begrüßung</description>
		</activity>
		<activity id="http://6gizagW1j8H_course_id/5wJkWLwv6N8" type="http://adlnet.gov/expapi/activities/module">
			<name lang="und">Navigation</name>
			<description lang="und">Navigation</description>
		</activity>
		<activity id="http://6gizagW1j8H_course_id/5ohHGi4gx9m" type="http://adlnet.gov/expapi/activities/module">
			<name lang="und">Modell im Überblick</name>
			<description lang="und">Modell im Überblick</description>
		</activity>
		<activity id="http://6gizagW1j8H_course_id/6lVK07wkZi6" type="http://adlnet.gov/expapi/activities/module">
			<name lang="und">Modell im Überblick</name>
			<description lang="und">Modell im Überblick</description>
		</activity>
		<activity id="http://6gizagW1j8H_course_id/5WaUltEARtI" type="http://adlnet.gov/expapi/activities/module">
			<name lang="und">In der präkommunikativen Phase erfolgt die Erarbeitung </name>
			<description lang="und">In der präkommunikativen Phase erfolgt die Erarbeitung </description>
		</activity>
		<activity id="http://6gizagW1j8H_course_id/5xjEd8ySwEl" type="http://adlnet.gov/expapi/activities/module">
			<name lang="und">In der präkommunikativen Phase erfolgt die Erarbeitung </name>
			<description lang="und">In der präkommunikativen Phase erfolgt die Erarbeitung </description>
		</activity>
		<activity id="http://6gizagW1j8H_course_id/6XSisX64unM" type="http://adlnet.gov/expapi/activities/module">
			<name lang="und">Aufgabe</name>
			<description lang="und">Aufgabe</description>
		</activity>
		<activity id="http://6gizagW1j8H_course_id/6qDSY2vvdXw" type="http://adlnet.gov/expapi/activities/module">
			<name lang="und">Auswahl</name>
			<description lang="und">Auswahl</description>
		</activity>
		<activity id="http://6gizagW1j8H_course_id/5qbAJZ4FSDH" type="http://adlnet.gov/expapi/activities/module">
			<name lang="und">Aneignung</name>
			<description lang="und">Aneignung</description>
		</activity>
		<activity id="http://6gizagW1j8H_course_id/5adD8uNZWpj" type="http://adlnet.gov/expapi/activities/module">
			<name lang="und">Überprüfung</name>
			<description lang="und">Überprüfung</description>
		</activity>
		<activity id="http://6gizagW1j8H_course_id/6HJ9tgXQehF" type="http://adlnet.gov/expapi/activities/module">
			<name lang="und">In der kommunikativen Phase erfolgt die Darbietung</name>
			<description lang="und">In der kommunikativen Phase erfolgt die Darbietung</description>
		</activity>
		<activity id="http://6gizagW1j8H_course_id/6ITh5kWVnIY" type="http://adlnet.gov/expapi/activities/module">
			<name lang="und">In der postkommunikativen Phase erfolgt die Auswertung </name>
			<description lang="und">In der postkommunikativen Phase erfolgt die Auswertung </description>
		</activity>
		<activity id="http://6gizagW1j8H_course_id/6RBmzPOz53l" type="http://adlnet.gov/expapi/activities/module">
			<name lang="und">“Sprich auch du” – Paul Celan</name>
			<description lang="und">“Sprich auch du” – Paul Celan</description>
		</activity>
		<activity id="http://6gizagW1j8H_course_id/6VgvLj4WwfP" type="http://adlnet.gov/expapi/activities/module">
			<name lang="und">Hinweise zur Lizenzierung</name>
			<description lang="und">Hinweise zur Lizenzierung</description>
		</activity>
	</activities>
</tincan>