﻿<?xml version="1.0" encoding="utf-8"?><bwFonts xmlns:xsi="http://www.w3.org/2001/XMLSchema-instance" xmlns:xsd="http://www.w3.org/2001/XMLSchema" fontfactoryurl="story_content/FontFactory.swf"><font id="00" name="Open SansBold Charset1_ 6Sp2LdZuDSk"><glyphs><g i="0" c="384" charCode="83" p="#^NI2rNItt1HSuiFfwcCfwlzfw8xav%8xFrYytscAOssB7tuC7tKD7toEFs3Fas3Fer3FIqMEiquEUpVDwplD7pBBioZzxn8zQmky6mRxalmxekmxZimxCgYyffzAUdoDUdNEUd2GdejHyeHI9f%tH5i2Gwh6FhhaE2hhD2hcC2hDByh2B2i2BSi2BmjhBKjwB5k0CskxCOkqEIlWGUmRH5oNIipNI2r" /><g i="1" c="385" charCode="105" p="#^OxQeOx$cQz$cRB$cRBQeRBHfkBagQAFgQzFgOxFgOxQe^GB$v%Yx$v%Yxmi%GBmi" /><g i="2" c="386" charCode="101" p="#^CDLkqCLkLBvl4Bfm_ADn%cGDnaGfmtFvlNELkCDLk^7EfwQAfwZyru7xCs7xhp7xRlQyZjyA5iAD5itG5i4ILjHJolHJio%HJ6q%UA6qYAIrQBBsJCutiEutxFutDGetKHZsWIps%WIhvYHNvQG0wJFfw7Efw" /><g i="3" c="387" charCode="32" p="#" /><g i="4" c="388" charCode="109" p="#^aK$v%sG$v%sG1osGzmYFQlsF4loE4lZC4ljC7mGBanGBAp%GB$v%Yx$v%Yxmi%OAmi%iB5k%vB5k3C9j5DDi7E5itF5ixI5iDJ5k%YJ5kvK8jzLDiEM5i_N5iiQ5iuRhjGStkGS5n%GS$v%XO$v%XO1oXOzmrOQlYN4lUM4lxL4lRK3maK1naK9p" /><g i="5" c="389" charCode="252" p="#^DH$v%7Hgu%XGgukGdveFKv8EfwKCfwkAfw5zZuTxGtTxfr%Txmi%CBmi%CBkqCBPr7CysFChtODhtnFht3GesMGbrMGNo%MGmi%uKmi%uK$v^_zRe_z2erADdVAcdHBcduCcdXCFdpD5epDRepDAfXC1gtCtgHBtgVAtgrA2g_zCf_zRe^VEReVE_doFBdUFcdDGcdqHcdUHEdmI4emIRemIBfTH1gpHtgDGtgUFtgoF4gVEGfVERe" /><g i="6" c="390" charCode="115" p="#^tHYrtH2u$F9vyEfwFBfw9Afw6z2w3yRv8xsv%8xosbyTsuzctNAxtMBxtODxtODmsODWrxDFrgDnrBC1rXBGqRAcqgzypxy_oOxqosxIn7xZm7xVl7x5kxy5jXz5ixC5i$E5ikHaj%cGSlaFqlhE8loDSktCSkQASkQALlQAfmmBDmUB_mGDInhFmo0GWoMGtp6HcqtHXqtHYr" /><g i="7" c="391" charCode="110" p="#^zK$v%QG$v%QG1oQGzmiGQlNF4lEE4l3D4lmC7mGBanGBAp%GB$v%Yx$v%Yxmi%OAmi%iB5k%vB5k7C6jdDCijE5iIF5i5I5ikJojzKGkzK5n" /><g i="8" c="392" charCode="100" p="#^hCfwTzfwvyou7xws7xcp7xRlwyZjWz5inC5iYE5ijG5k%rG5k9Gzi9Gnh%9G$c%UJ$c%UJ$v%1H$v%jGeu%9GeuTEfwhCfw^ADht0FhtGFsslGDrpGDp%pGeppG1nJF4m2F7lwD7lhC7lABbmUAenUAfpUAgrABhshChtADht" /><g i="9" c="393" charCode="70" p="%^ZB$vfy$vfy9etI9etIfhZBfhZBSl0ISl0IYoZBYo" /><g i="10" c="394" charCode="114" p="#^AF5ikG5iQGci%yGHl5GAlsFAlGDAlGCvmGBpnGB2p%GB$v%Yx$v%Yxmi%MAmi%kBEk%vBEk8CvjdDOiiE5iAF5i" /><g i="11" c="395" charCode="97" p="#^CG$v%UF9u%OF9uSElvSDOvTCfwgBfwjzfway7v2x$t2xXr2xMpzyKo5AIn9DBn%wFwn%wFWmwFRkoDRkMBRkyzQl%jyjjGA4iyD4ihG4iLHhjdJtkdJVm%dJ$v^wFHp%4EKpsCNpFBkqTASqTAYrTAxtGCxtZDxtKEOswF2swFPq" /><g i="12" c="396" charCode="103" p="#^QJli%QJek%IHNkhIIlhIRmhI2pLGhqdFvrvCvr%QBtr%hBprIARrIAnsIAbtLCbt%4FbtjHbtuI9uGJ6vGJZwGJmzGHGAHF$BYB$B5z$BAx$A4w0A4wdy4w_wRw9wCxkv5zZuxyKu5ybuGxDtGx$sGxds7yIrAybrrzHqmydqJxcp5xao5xMm5xxkyyjj$z5iIC5ihD5i3EciREii4Fli^izXxizIy1A8zMAAz6CAz6EAzeF1znGuynGxxnGLwIFsw1FawDDaw%IBawGAaw_zFwiz8xizXx^FAQmFAXn9BBoGBepICepLDepeEBoKEXnKEQmKEmkICmkFAmkFAQm" /><g i="13" c="397" charCode="118" p="%^cB$v$vmiUzmixC7q#ZCCr4DWs9DWs#dDLrID7qkGmidKmi0F$v" /><g i="14" c="398" charCode="111" p="#^WA9pWAbrABesfCgtLDgtfFgtUFesyGcryG9pyG7nUF6meF5lKD5leC5lAB6mWA6nWA9p^mK9pmKusBInuRGfwIDfwKBfweAovKyxuWxWs7xir7x9p7xPlSyYjCA5iND5iLF5ifHYiLIOjyJplmK$mmK9p" /><g i="15" c="399" charCode="65" p="#^aJ$v%THLr%nBLr%4A$v%$v$v%iC4e%WG4e%fN$v^ZGAobFOiYE2iKEhhDERgeEpikCAo" /><g i="16" c="400" charCode="98" p="#^yF5iZH5ikJ_jIKTlIK9pIKxshJouTHfwsFfw2DfwGBvu%qBvu%OA$v%Yx$v%Yx$c%GB$c%GBqhGBgixB7k%GB7k_C5iyF5i^mE4lZC4lkCXlIBNmGBKo%GB7pGBkrkChs_CetpEetyFetdGbsVG7rVG6pVG5ndG5myF4lmE4l" /><g i="17" c="401" charCode="99" p="#^vDfw7xfw7xfp7xMlSyXjBA5iQD5icG5i4I0j%_GVl5GylkFklAE5lQD5lWA5lWAdpWAetQDetVEetPFYsKGFsFH2s%FHevLGPvQF1wVEfwvDfw" /><g i="18" c="403" charCode="104" p="#^zK$v%QG$v%QG1oQG4lEE4l3D4lmC8mGBcnGBAp%GB$v%Yx$v%Yx$c%GB$c%GBTgGBkhBB$i%vB5k%IB5kYC5iFF5i3I5ijJojzKHkzK5n" /><g i="19" c="404" charCode="107" p="%^xBAo9DvmZGmiaLmiLFhovL$vcH$vhDtqGBLrGB$vYx$vYx$cGB$cGBuluBAo" /><g i="20" c="405" charCode="116" p="#^IDhtHEht2GSs%2GDvFEfwDCfwoAfwnz7vmy$tmyKr%my9l%Aw9l%AwAj%Dyki%Izsf%4Csf%4Cmi%VFmi%VF9l%4C9l%4CKr4CxswCVsZChtIDht" /><g i="21" c="406" charCode="119" p="%^aJ$v7IerIGclDGcl7E$v7A$vfwmiYzmixBpo#VB0qiCTsnCTs#qCYrOCXp$CVoHEmiNImioKVo#rKapxKIp#EKdqKKPq#RKprWKZr#$Kxs0LTs4LTs#bL$rtLtq#LLXoTLpowNmi9RmieN$v" /><g i="22" c="407" charCode="46" p="#^qxfuqxdtZxIsxyasAzasBAas8BJsIBftIBfuIBdv8BNvAAkwAzkwyykw_xNvqxevqxfu" /><g i="23" c="408" charCode="71" p="#^1F_l%6M_l%6MevoKOvSI0wlHfwLFfwJBfwAzTtsxvrsx2nsxKiWzjgoCUdNGUdxJUd4M_e%QK1iTI2hLG2hiE2hPCIilBlklB7nlB1qxCzrKD5t$F5tbH5tpIRs%pI8p%1F8p" /><g i="24" c="409" charCode="73" p="%^fy$vfy9e1C9e1C$v" /><g i="25" c="410" charCode="78" p="%^4O$vgJ$vvBvioBvi#DB4mDBCnDB$vfy$vfy9e0D9eNKwrSKwr#GK2oGKCmGK9e4O9e" /><g i="26" c="411" charCode="108" p="%^GB$vYx$vYx$cGB$c" /><g i="27" c="412" charCode="117" p="#^DH$v%7Hgu%XGgukGdveFKv8EfwKCfwkAfw5zZuTxGtTxfr%Txmi%CBmi%CBkqCBPr7CysFChtODhtnFht3GesMGbrMGNo%MGmi%uKmi%uK$v" /><g i="28" c="413" charCode="58" p="#^qxfuqxdtZxIsxyasAzasBAas8BJsIBftIBfuIBdv8BNvAAkwAzkwyykw_xNvqxevqxfu^qxakqx8jZxDixy5iAz5iBA5i8BEiIBajIBakIB9l7BIlzAfmAzfmyyfm_xJlqxalqxak" /><g i="29" c="414" charCode="90" p="%^UJ$vBw$vBwyt9FhhQwhhQw9eFJ9eFJBg6BTsUJTs" /><g i="30" c="415" charCode="228" p="#^CG$v%UF9u%OF9uSElvSDOvTCfwgBfwjzfway7v2x$t2xXr2xMpzyKo5AIn9DBn%wFwn%wFWmwFRkoDRkMBRkyzQl%jyjjGA4iyD4ihG4iLHhjdJtkdJVm%dJ$v^wFHp%4EKpsCNpFBkqTASqTAYrTAxtGCxtZDxtKEOswF2swFPq^uzReuz2eXzDdpAcdbBcd_BcdrCFdVC5eVCReVCAfrC1gZBtgbBtgpAtgXz2guzCfuzRe^pERepE_dUEBdoFcd7GcdWGcdoHEdSH4eSHReSHBfnH1gVGtg7GtgoFtgUE4gpEGfpERe" /><g i="31" c="418" charCode="77" p="%^PF$vvB$hoB$h#DBgmDBInDB$vfy$vfy9epD9eDHOrIHOrbM9ekR9ekR$vON$vONyn#ONYmPNam#RNol_N1iTN1igJ$v" /><g i="32" c="419" charCode="246" p="#^WA9pWAbrABesfCgtLDgtfFgtUFesyGcryG9pyG7nUF6meF5lKD5leC5lAB6mWA6nWA9p^mK9pmKusBInuRGfwIDfwKBfweAovKyxuWxWs7xir7x9p7xPlSyYjCA5iND5iLF5ifHYiLIOjyJplmK$mmK9p^yzReyz2e$zDdtAcdfBcd2CcdvCFdZC5eZCReZCAfvC1g1CtgfBtgtAtg$z2gyzCfyzRe^tERetE_dYEBdsFcdbGcd_GcdsHEdWH4eWHReWHBfrH1gZGtgbGtgsFtgYE4gtEGftERe" /><g i="33" c="420" charCode="81" p="#^rO3nrOcqjNlscMtu2Ksv%lOfA%vJfA%dGfw%XFfwRBfwEzTtsxursx1nsxAiFzegSBTdZFTd4KTdfMfgrOCirO3n^qB3nqB2qyCzrHD4tXF4ttK4ttK3ntK1hZF1hJD1hzCyiqB3kqB3n" /><g i="34" c="421" charCode="122" p="%^rH$vGw$vGwOt_Ccl2xcl2xmidHmidHNk4B9trH9t" /><g i="35" c="422" charCode="57344" p="#^vF9l%hC9l%hC$v%yy$v%yy9l%vw9l%vwmj%yymi%yymhyy1fHzYdRATcnDTcjFTcPGsd%SFbgKEQfNDQf_CQfDCighCMghCvh%hCmi%vFmi" /><g i="36" c="423" charCode="44" p="#^CBntZARvszdz%MwdzzxZv$x5t%qB5t" /><g i="37" c="424" charCode="63" p="#^nz4q%nzapnz$nTz8nnAgmIBhl_CnkoDOjODdjODwiODJhcDjhDCUgABUgLzUgpx5i%4wqfOyUdRBUdmEUdRF6fkHjgkHkikHGjJGFk6GDloERmdDInVC9oCCCoCClp%CC4q^_yfu_ydtxzIs4Aas7Bas8CasHCJsfDftfDfufDdvHCNv7Ckw7Bkw5AkwxzNv_yev_yfu" /><g i="38" c="425" charCode="112" p="#^sFfw2DfwGBvu%uBvuGBcwGBuw%GB$B%Yx$B%Yxmi%_Ami%vB7k%GB7k_C5iyF5iZH5ikJZjIKQlIK9pIKlr3KYsqJzueIpv2HfwsFfw^mE4lZC4lkCXlIBNmGBKo%GB7pGBkrkChs_CetpEetVGetVG6pVG5nhG5mGF4lmE4l" /><g i="39" c="426" charCode="75" p="%^CM$vjI$vDDuo1CDp1C$vfy$vfy9e1C9e1CkmwDdkmI9ezM9ekG2m" /><g i="40" c="427" charCode="69" p="%^wI$vfy$vfy9ewI9ewIfh1Cfh1Cal4Ial4Igo1Cgo1CTswITs" /><g i="41" c="428" charCode="45" p="%^LwPqLwMniDMniDPq" /><g i="42" c="429" charCode="68" p="#^2NVm2NjrxKFt1I$viD$v%fy$v%fy9e%RD9edI9eDKtg2NMi2NVm^6J$m6Jfh2Efh%1Cfh%1CTs%FDTs6JTs6J$m" /><g i="43" c="430" charCode="76" p="%^fy$vfy9e1C9e1CTsgJTsgJ$v" /><g i="44" c="433" charCode="196" p="#^aJ$v%THLr%nBLr%4A$v%$v$v%iC4e%WG4e%fN$v^ZGAobFOiYE2iKEhhDERgeEpikCAo^sAJasAW9VAv9nB499C49YC49pDx9TDZ9TDJaTDsbpDVbXClc9ClcnBlcVAWbsAubsAJa^nFJanFS9SFt9mG495H49UH49mIw9QIY9QIJaQItblIVbTHlc5HlcmGlcSFYbnFybnFJa" /><g i="45" c="434" charCode="80" p="#^1Czm%hDzm1FzmUFTlMGalMGSjMGwi1GUhjFfhLDfh%1Cfh^AKJjAKCmNI8o_GFpFDFp%1CFp%1C$v%fy$v%fy9e%YD9ecH9eUIzfAKYgAKJj" /><g i="46" c="435" charCode="86" p="#^qI9e%fM9e%bG$v%3C$v%$v9e%Qz9e%aDNosDJpLDZq3Eds7EIsgEAr2FNo" /><g i="47" c="436" charCode="120" p="%^LA1pmwmiAAmidDImVFmi7KmiHF1pkK$v5G$vdDkrlA$v7w$v" /><g i="48" c="437" charCode="82" p="#^1C4m%fD4m2F4mUFulLGTkLGBjLGkiTFOh$EfhaDfh%1Cfh^1C9p%1C$v%fy$v%fy9e%rD9e4H9eQIufAKPgAKvjAK4lIJjmRIxnfHeohLfuvM$v%iI$v%2E9p" /><g i="49" c="438" charCode="87" p="#^DP$v%kL$v%VIDmMI7mrIzk7I_i4Isi$H6jIHAkqH1mfHFm%RE$v%yA$v%$v9e%Jz9e%$BUnCCBqTCzsYCTrcDqqtDYoID9o%iG9e%TJ9e%uM9oFMQoVMcqaNAriNzsqNDrHNcqYNNoaOUn%sQ9e%aU9e" /><g i="50" c="439" charCode="57347" p="#^vF9l%hC9l%hC$v%yy$v%yy9l%vw9l%vwmj%yymi%yymhyy1fHzYdRATcnDTcjFTcPGsd%SFbgKEQfNDQf_CQfDCighCMghCvh%hCmi%vFmi^bP9l%ZL9l%ZL$v%eI$v%eI9l%bG9l%bGmj%eImi%eImheI1fnJYdxKTc3NTc$OTcvQsd%yPbgqOQftNQfGMQfjMigZLMgZLvh%ZLmi%bPmi" /><g i="51" c="440" charCode="40" p="#^$w9p$wWlXx6jUyhgGA9e%JD9e$Bwg7BljfA9mfA7pfA7s8BVu2CHxIDYz%GAYzTyTxXx6v$wls$w9p" /><g i="52" c="441" charCode="49" p="%^kG$vyC$vyCGlBC_jFC7i#JB3jlBmjiz$ktxKidD9ekG9e" /><g i="53" c="442" charCode="57" p="#^pJNlpJ2raHFtYEfwsAfwTyfw2y4w%2y3t4zjtcAjt5CjtjDMsxEcsaF0rQFQpWFKn%NFKn3FUo8EmpdDPpPBPpuzPp8yjoPwPmPw9kPwhhryDf3AYdTCYdREYdkGUePHPfCIAhpJljpJNl^XC_gMB_g6BOhsABisA6ksApl2BamFBWmTCWm0EWmQEamFFqlFFrkFF_iUE_h7E_gXC_g" /><g i="54" c="443" charCode="56" p="#^9DWdJFWdhH5fRIfgRIeiRIBj5IGklHKlFFAmFHFnxIQopJ_ppJnrpJAtGHWuYFfw9DfwdAfwyy0vTwMtTwtrTwYpHxMovyAniAGmMyJl5yDkqxwjqxciqxig$y6fBAWd9DWd^nAgrnAjs5BVsQBut6DutvEutbFUsUFhsUFhrUFtqcFLpwE1pZCeonAqpnAgr^7DHg9CHgzBbh_AGh_Avi_AejsBPjWBok9D$klErkPESjiFgjiFviiFFhHEah4EHg7DHg" /><g i="55" c="444" charCode="55" p="%^My$vtFlhGwlhGwaetJaetJxgJC$v" /><g i="56" c="445" charCode="50" p="#^tJ$v%$w$v%$wnt%uBRotDPm4E1mHEelYEzkdFUjdFajdF5iDEAh2E2h2D2h0C2h1Bxh3A$h$yTi%Ywsggykf7zSe$zoe0B8e2CUdkDUd$EUdhGvezH6fgIdgZIjhZIKiZIZjxI2l6I7mbHgnhGoo$Dvq%IBFs%IBQs%tJQs" /><g i="57" c="446" charCode="48" p="#^nJ4nnJLrRH$tjGfw7Dfw2AfwtyXtVwCrVw4nVwmiqy7gYzTd7DTddGTdOHdgnJzinJ4n^FA4nFAmqdBNrNBct7DctrEct0FMrCFkqCF4nCFOj0FmirEWg7DWgOBWgdBmiFAOjFA4n" /><g i="58" c="447" charCode="51" p="#^NI8iNIPjMH_kLG9mWEBm%WEGm4HXmbI_niJ1piJOqiJntqHPuzFfw5CfwczfwYwhv%Yw4s_xCsezXsuAgtIBgtzDgtsEDslF_rlFAqlFjpjEOoiDgo2Bgo%Izgo%Iznl%4Bnl9Dnl6EQk3Fhk3FZi3FXgxCXgFBXgKAehQzxhJyfi%ZwEfqzUdOCUdzFUdaH0fNI8gNI8i" /><g i="59" c="448" charCode="41" p="#^tD9ptDmswC8vABVxOzYz%MwYzqyIxjzWudA7sdA7pdA9mlzljtywgLw9e%Oz9eBBigxC7jtDXltD9p" /><g i="60" c="449" charCode="220" p="#^MM9e%MMIpMMHrTLat$KFukJsvFHfwnFfwXBfw1Auu7yJs7yFp%7y9e%UB9e%UB4pUB9rJC7szD4ttF4tkH4t9I6s$I8r$I3p%$I9e^hBJahBW9KBv9cC49_C49ND49eEx9IEZ9IEJaIEsbeEVbMDlc_ClccClcKBWbhBubhBJa^cGJacGS9HGt9bH49WH49JI49bJw9FJY9FJJaFJtbaJVbIIlcWHlcbHlcHGYbcGybcGJa" /><g i="61" c="450" charCode="106" p="#^Sw$Bqv$BpuHB%puMyfv$y8w$y5x$ywxtyYxYxYxWw%Yxmi%GBmi%GBtxGBEzpAPA9z$BSw$B^OxQeOx$cQz$cRB$cRBQeRBHfkBagQAFgQzFgOxFgOxQe" /><g i="62" c="451" charCode="79" p="#^rO3nrOureMTt2KfwXFfwRBfwEzTtsxursx1nsxAiFzegSBTdZFTd4KTdfMfgrOCirO3n^qB3nqB2qyCzrHD4tXF4ttK4ttK3ntK1hZF1hJD1hzCyiqB3kqB3n" /><g i="63" c="452" charCode="72" p="%^SM$v5J$v5Jjo1Cjo1C$vfy$vfy9e1C9e1C9l5J9l5J9eSM9e" /><g i="64" c="453" charCode="66" p="#^fy9e%OD9eBH9ejJef1Ljg1LGi1LgkhKilxJjmhIxm%hIEm_J1nKK3ouL5puLQquLgtJJEuYH$vWE$v%fy$v^1Cdl%eEdlMFdlsGLk8Hgk8Haj8H8ioGIhEFfh0Efh%1Cfh^1Cdo%1CTs%vETs3GTsOGhsyHGryHrqyHdonEdo" /><g i="65" c="454" charCode="121" p="#^$vmi%4Ami%FC1q_C1r6Dps%aDpsjD8rID1q%eGmi%dKmi%sELxFDTzbCXAJA$BLy$BNx$BSwOB%SwRyxx$yjy$yjz$y2AoyNAOxcBAw%qBVv" /><g i="66" c="455" charCode="57345" p="#^vF9l%hC9l%hC$v%yy$v%yy9l%vw9l%vwmj%yymi%yymhyy1fHzYdRATcnDTcjFTcPGsd%SFbgKEQfNDQf_CQfDCighCMghCvh%hCmi%vFmi^uHQeuH$cwJ$cxL$cxLQexLHf0LagwKFgwJFguHFguHQe^mL$v%EH$v%EHmi%mLmi" /><g i="67" c="456" charCode="57346" p="#^vF9l%hC9l%hC$v%yy$v%yy9l%vw9l%vwmj%yymi%yymhyy1fHzYdRATcnDTcjFTcPGsd%SFbgKEQfNDQf_CQfDCighCMghCvh%hCmi%vFmi^mL$v%EH$v%EH$c%mL$c" /><g i="68" c="457" charCode="47" p="%^cG9eyz$vaw$vQC9e" /><g i="69" c="458" charCode="85" p="#^MM9e%MMIpMMHrTLat$KFukJsvFHfwnFfwXBfw1Auu7yJs7yFp%7y9e%UB9e%UB4pUB9rJC7szD4ttF4tkH4t9I6s$I8r$I3p%$I9e" /><g i="70" c="459" charCode="223" p="#^fLSgfLEh_KeiKKQilKijYJLjvJ6k2JskFILkgI2l0IjlMHzlMHQlMH9m4IumpIOmdJhn$KooEL_ohMApBMkqVM4rVM1sVM7uuLbv3KfwhHfw4GfwbF3wjEUvADuv%ADxseEZseFhtfGAt1HAt4JAt4J4s4JArTIgrHIYqbIBqHHdqNGIpfFQoEE6o2Enn2Eom2ECltEZkVEjkMFJjIG2j4HzisH3isHvhsHMgGGhgVFNfHENfgDNftCqgGB3hGBei%GB$v%Yx$v%Yx5iYxEfKzgexBTcHETcFHTcsJYdfL1ffLSg" /><g i="71" c="460" charCode="84" p="%^8F$vlB$vlBjhvwjhvw9e_J9e_Jjh8Fjh" /><g i="72" c="461" charCode="67" p="#^QF2hHD2hwCFilBfklB7nlB5tQF5tJH5toK9s%oKkvbIfwuFfwABfwwzUtsxwrsx5nsxjktydiuz7gnB0fhDUdQFUdrIUd3L9f%RJeiQILhPHphPG2hQF2h" /><g i="73" c="462" charCode="33" p="#^4B4q%5y4q%ux9e%IB9e^qxfuqxdtZxIsxyasAzasBAas8BJsIBftIBfuIBdv8BNvAAkwAzkwyykw_xNvqxevqxfu" /><g i="74" c="463" charCode="8220" p="#^0C$jhCUiUCdhwDxf9E9e%QG9e1GphBFgk%bCgk^jw$jAwUibxdhPxxfsy9e%7B9ekAphUzgk%uwgk" /><g i="75" c="464" charCode="8221" p="#^7BqewAQg_ygk%jwgk8xFgxx9e%YA9e^QGqedGQgHEgk%0CgkRCFgeD9e%EG9e" /><g i="76" c="465" charCode="8211" p="%^$wHq$wTnvHTnvHHq" /></glyphs></font><font id="10" name="Open Sans Charset1_ 5gMorSZ2Ntw"><glyphs><g i="0" c="384" charCode="79" p="#^XN3nXNlrMLOtCJfwLFfwPBfwGzRtxxqrxx1nxxGiGzhgQBTdNFTdDJTdNLkgXNMiXN3n^Jz3nJzHqgBzsPCruLFruJIrueKAsLLIqLL3nLLsjeKBhKIKfNFKfPCKfgBChJzujJz3n" /><g i="1" c="385" charCode="75" p="%^lL$vVI$voClnxA$oxA$vsy$vsy9exA9exA$mDI9e4L9eUDVl" /><g i="2" c="386" charCode="74" p="#^RvIAIuIA2unA%2uByVuRyRvRy3xRyHx6yjynxjy$v%jy9e%oA9e%oAQvoA9ydzqz2yIARvIA" /><g i="3" c="387" charCode="97" p="#^nG$v%ZF5u%TF5uTEmvTDPvUCfwoBfwpzfwgyev8xcu8xjs8xfoDD3o%VF_n%VF9nVFAldFQkyE4k3D4koB4kgz6l%FyyjEz0jPAJi$BpiaDpiAFpiJGtjTHxkTHTm%TH$v^OBAuHDAuMEytSFvsSFDq%SFqp%QDvppBBpkAgqgzWqgzksgzrtXz0uCAAuOBAu" /><g i="4" c="388" charCode="78" p="%^oM$v0K$vgA1haA1h#nAFjnASlnA$vsy$vsy9eOA9ewK4tDK4t#BKKsvKYq#qKapsKoosK9eoM9e" /><g i="5" c="389" charCode="101" p="#^ODfwQAfw6zsupxEspxqppxbm$yhkBAnihDniOFnifH1kJIHlJIoo%JIGp%vzGpzz1sHAgtQBuuTDuu1Guu9IAt%9Iov4HRv6G2w9FfwODfw^fD4kEB4kGA7lJzamyz1o%yG1oyG6mHF5lRE4kfD4k" /><g i="6" c="390" charCode="105" p="#^aA$v%9y$v%9yDi%aADi^_x$e_xiejy_dFyFdazFdFzFd0A_dnAjenA$enAHf0A1gFzmgazmgFymgjy1g_xHf_x$e" /><g i="7" c="391" charCode="110" p="#^iH$v%iHlniHIlyGVkPF5keE5k7C5k8BelaAmmaA_o%aA$v%9y$v%9yDi%OzDi%7Ask%dAskRAtjZBWi5DnitEniUGni6IyjkJIkkJgn%kJ$v" /><g i="8" c="392" charCode="83" p="#^wIfrwICtPGXu6FfwaCfw$yfwixrv%ixrtoyVtHzau_ArufCrukErunFFtqGSsqGsrqGwq2GXpGFlpOERoXDko9CInFzPmByBlxxmkxxoixxkg4z6fDAUdaDUdRFUd4ITe%qHGgdFLf7DLfuBLfyAtgDzahDzqiDzljZzXjjAxk7B1lXBxlCD7mpG7nsHhowIqpwIfr" /><g i="9" c="393" charCode="112" p="#^nEfw3Dfw_BMvVAhvaAhu%1AhuaAsvaAvw%aA$B%8y$B%8yDi%OzDi%4Ask%aAskYAmj_BTi1DninEni1HnitIckWJ0mWJipWJBssIqu_GfwnEfw^4E5k1C5k6BelcAmmaARo%aAipaA6s6Bkt2Cyu7EyuSFyuRG8tQHKrQHgpQHMmRGrlSF5k4E5k" /><g i="10" c="394" charCode="114" p="#^fEni8FniRFwi%zFpkKEdk6EdkuCdkkBylaASmaAQo%aA$v%8y$v%8yDi%PzDi%2A5l%9A5lUAOjXB5j$CnifEni" /><g i="11" c="395" charCode="99" p="#^vDfwBAfw$ytupxGspxoppx1m0zckEAniDDniBEnizFBixGOi4H4j%sGOkNFxk_EmkbEakADakvzakvznpvzRrvAatvBuusDuu7FuuTGMt%TGzvxFfwvDfw" /><g i="12" c="396" charCode="104" p="#^iH$v%iHmniHJlyGWkPF6keE6k6C6k8BglaApmaA0p%aA$v%9y$v%9y$c%aA$c%aALiaAOj4Auk%cAukOAwjUBZi$CpiqEpiTGpi5IAjkJKkkJhn%kJ$v" /><g i="13" c="397" charCode="107" p="#^9A8pGApoLBcn%4GDi%uIDi%3Dko%SI$v%pG$v%GBGp%9A_q%9A$v%9y$v%9y$c%9A$c%9A4n9ALn2A8p" /><g i="14" c="398" charCode="252" p="#^2ADi%2Air2AXsOALtyByu7DyueFyucGptaHfsaHFp%aHDi%bJDi%bJ$v%wH$v%eHdu%7HduvGcvoFKvhEfwTCfwrAfwdz5v$xXt$xnr%$xDi^aA$eaAmevA4eQAOdhBOdKBOd3C4epCmepC$epCCf3CVfKBcghBcgQAcgvAVfaACfaA$e^QE$eQEme8F4etFOdWFOdnGOdIG4e2Hme2H$e2HCfIGVfnGcgWFcgtFcg8FVfQECfQE$e" /><g i="15" c="399" charCode="115" p="#^NGmsNGduoFev$DfwuBfwPyfwkxpv%kxwtiy0uoziuvAAuxBAu6DAuZD4uQEztQExsQELr8EbrtDDqvBTpEzapRyFo3y8oGxunixQmixVlixgkDykjYznigCnirEnivGfj%NFVkMD4k7C4kHA4kYzxkdz_kdzMldzjmuzHmMz3nnApn_ALnJCoo6FgpXF8qNG0rNGms" /><g i="16" c="400" charCode="116" p="#^tCAu0DAuwDvu0EquiEku%iEUvZD2wkD8wHCfwaCfwiyfwiy9s%iyck%nwck%nwej%iyoi%9zxf%kAxf%kADi%cEDi%cEck%kAck%kA4skAhtUAXttBAutCAu" /><g i="17" c="401" charCode="108" p="%^aA$v9y$v9y$caA$c" /><g i="18" c="403" charCode="32" p="#" /><g i="19" c="404" charCode="111" p="#^HJipHJAs1IquoGfwuDfwIBfwjApvWyzu9y_spxprpxippx1m1zckGAniADnioGni1IfkHJ6mHJip^vzipvzSrwActyByuyDyuxFyuzGdtBHTrBHipBHLmzGqlxF5kwD5kxB5kwAplvzImvzip" /><g i="20" c="405" charCode="109" p="#^cP$v%cPincPHlwOUkQN5koM5kvK5kBJblHIgmHIxo%HI$v%GG$v%GGinGGHl_FUkiF5kRD5kXB5k2BelaAnmaA_o%aA$v%8y$v%8yDi%OzDi%7Ask%dAskOAtjRBWiUCniaEnijHnihIFk%nIFkZIBj6K_ifLniIMniZOni5QyjdRIkdRgn%dR$v" /><g i="21" c="406" charCode="117" p="#^2ADi%2Air2AXsOALtyByu7DyueFyucGptaHfsaHFp%aHDi%bJDi%bJ$v%wH$v%eHdu%7HduvGcvoFKvhEfwTCfwrAfwdz5v$xXt$xnr%$xDi" /><g i="22" c="407" charCode="69" p="%^pI$vsy$vsy9epI9epI$fxA$fxALlWHLlWHAnxAAnxA8upI8u" /><g i="23" c="408" charCode="118" p="%^4B$v$vDiayDi3Bzq#1CltcCauiCau#rCwt8Dur#SDspmGDixIDisD$v" /><g i="24" c="409" charCode="45" p="%^1xeq1xno0Dno0Deq" /><g i="25" c="410" charCode="77" p="%^mG$viAbgcAbg#nA3inAFknA$vsy$vsy9eAB9eeHTskHTs1N9e8Q9e8Q$v3O$v3Ovk#3OxieOcg8Ocg1I$v" /><g i="26" c="411" charCode="66" p="#^sy9e%vD9e2H9eDIdfdKhgdKAidK9kkJclsIemLGxm%LGFmQKlnQKWqQKjtcJFuBH$vHE$v%sy$v^xAOl%YDOl8GOl6H6l4Iqk4INi4Ihh$GDgWFYfADYf%xAYf^xAzn%xAeu%fEeuqGeuvHptBIzsBINqBI7ptHlomGzn4Ezn" /><g i="27" c="412" charCode="103" p="#^6JDi%6JVj%DGckZGDkeHjlvH$lvHTmvHQo9G$pPEartCarTBarlB4r2AMr2AOs2AltvACtYATt3CTt%qETtBGTtMHOuXIIvXIsxXIGz9HQAnF$BYB$Bkz$BUx0Btw2Atwgytw2xfx9w2ygvszYuXyJuByeufyKtfy5tfymsEyPr1zgrTzLqQyjqayipxxgoxxYmxxLkRyzjaAniACniEDnitEDi^qyeyqykzlzUzgAsAZBsAxEsALFHz_GWy_GDx_GxwjG6wEFHvNDHv%lBHvZzHvbzlwqy$wqyey^xzVmxzjojA1p6BLpxCLpvFLpvFTmvFSjvCSj3BSjiADkxzolxzVm" /><g i="28" c="413" charCode="223" p="#^OIygOIci3HCj_FskEFTkiFhliFGliF3msFkmDFAm3GXmvGhnsHVn9J3pNJ0qpKZqpKcspK9udJcv1IfwRFfwyDfwfCpv%fCwt0D$tZDiuWEAuOFAuqIAuqImsqIrrVHNqpH7q3GhpwEhoWDxnlDNmlDLllD_kMDlkbEHj2F1jZFlimGOhLGehLGBgLGCfWF5f5FAeyDAeaAAeaAih%aA$v%8y$v%8ykh8y9fuz0eQATcyDTc3GTcqHRdOIOeOIyg" /><g i="29" c="414" charCode="100" p="#^fHcu%8HcuKFfwXCfwjAfwSysupxFspxlppx1mSyckkAniXCniFFni6Hmk%gHmk%bHoj%8Hsi%8H$c%aJ$c%aJ$v%wH$v^cDyugFyucGqt8His8HNp%8Hlp8HvmbGilfF4kaD4koB4krAtlvzRmvznpvzXrrAftnByucDyu" /><g i="30" c="415" charCode="220" p="#^XL9e%XLIpXLMs5KwufIfw0FfwOBfw1AvugyKsgyFp%gy9e%lA9e%lAPplA2szBftNCru9FruqHruEIetSJ1sSJNp%SJ9e^DBTaDBeaYBY9hCG9KCG9bDG9wDY9SDeaSDTaSDubwDNbbD4cKC4chC4cYBNbDBubDBTa^hGTahGeaBGY9WGG9nHG9QHG99IY9vIeavITavIub9INbQH4cnH4cWG4cBGNbhGubhGTa" /><g i="31" c="418" charCode="98" p="#^nEpi$GpisIckWJ$lWJipWJBssIqu_GfwnEfw3Dfw_BMvVAhvaAhu%1Ahu%Bz$v%8y$v%8y$c%aA$c%aADhaAaj4Apk%aApkBBpinEpi^4E6k$B6k4BilaAumaAipaA7s6Blt2Cyu7Eyu$FyuVGbtQHQrQHhpQHGmVGol$F6k4E6k" /><g i="32" c="419" charCode="40" p="#^$w9p$wWlXx6jUyhgGA9e%EC9eUAwg$zlj7z9m7z7p7z3s0ASuWAExDCYz%GAYzTyTxXx6v$wls$w9p" /><g i="33" c="420" charCode="73" p="%^sy$vsy9exA9exA$v" /><g i="34" c="421" charCode="41" p="#^oC9poCmsrB8vvAVxJyYz%MwYztyFxmzSugA3sgA7pgA9mnzljvywgLw9e%Jy9ewAigsB7joCXloC9p" /><g i="35" c="422" charCode="80" p="#^MJmjMJ3mVHxn3G_oDC_o%xA_o%xA$v%sy$v%sy9e%4D9eMJ9eMJmj^xAcn%oCcn9FcnoGjmDHqlDHsjDHHhsGQgiFYfRCYf%xAYf" /><g i="36" c="423" charCode="228" p="#^nG$v%ZF5u%TF5uTEmvTDPvUCfwoBfwpzfwgyev8xcu8xjs8xfoDD3o%VF_n%VF9nVFAldFQkyE4k3D4koB4kgz6l%FyyjEz0jPAJi$BpiaDpiAFpiJGtjTHxkTHTm%TH$v^OBAuHDAuMEytSFvsSFDq%SFqp%QDvppBBpkAgqgzWqgzksgzrtXz0uCAAuOBAu^pz$epzmeKz4e3AOdwAOdZAOdiB4eEBmeEB$eEBCfiBVfZAcgwAcg3AcgKzVfpzCfpz$e^3E$e3EmenE4eIEOd9FOdCFOdXF4ehGmehG$ehGCfXFVfCFcg9FcgIEcgnEVf3ECf3E$e" /><g i="37" c="424" charCode="82" p="#^xAAo%xA$v%sy$v%sy9e%lD9eDG9ebIqfMJGgMJcjMJKmbG_n%1L$v%AI$v%fEAo^xAOm%nDOmzFOmBGWlDH2lDHijDHxhAGLgxFZfdDZf%xAZf" /><g i="38" c="425" charCode="67" p="#^5GLf9DLfsBJhLzGjLz4nLzAqoBvs1Dpu3GpuXHpukKKt%kKyvtIfwLFfwPBfwGzStxxtrxx2nxxikzydiBz8gxB0fuDUd6GUdWIUd0LWe%8KIg7ILf5GLf" /><g i="39" c="426" charCode="72" p="%^$L$vWJ$vWJCnxACnxA$vsy$vsy9exA9exALlWJLlWJ9e$L9e" /><g i="40" c="427" charCode="85" p="#^XL9e%XLIpXLMs5KwufIfw0FfwOBfw1AvugyKsgyFp%gy9e%lA9e%lAPplA2szBftNCru9FruqHruEIetSJ1sSJNp%SJ9e" /><g i="41" c="428" charCode="84" p="%^YD$vTB$vTB$fdw$fdw9eBJ9eBJ$fYD$f" /><g i="42" c="429" charCode="71" p="#^iGFm%nMFm%nMkvYKNvuJ0w1Ifw5Gfw2CfwNzRtxxqrxx4nxxikEyciMz5gSB$eYDUdNGUdEJUd6MXe%iLNgTILfEGLfoDLfyBIhJzEjJz4nJzIquBAsfDruGGruxIruiK0u%iKwo%iGwo" /><g i="43" c="430" charCode="122" p="%^IG$v$w$v$wDuiEcksxcksxDiwGDiwGckjzquIGqu" /><g i="44" c="433" charCode="121" p="#^1wDi%cyDi%7Bfq5CSskC0u%qC0uACot4DUrBDoqoGDi%zIDi%QCSxZB6AQA2BHz$B1y$B5x$BbwOB%bwaASwjAIxjANzjAGAZx%qB3w" /><g i="45" c="434" charCode="44" p="#^gA5t%sAnt8ABuxzcwXyQxiydz%Mwdz5xYxux4wUxdu2y5t" /><g i="46" c="435" charCode="246" p="#^HJipHJAs1IquoGfwuDfwIBfwjApvWyzu9y_spxprpxippx1m1zckGAniADnioGni1IfkHJ6mHJip^vzipvzSrwActyByuyDyuxFyuzGdtBHTrBHipBHLmzGqlxF5kwD5kxB5kwAplvzImvzip^5A$e5AmeqA4eLAOdcBOdFBOd_B4ekCmekC$ekCCf_BVfFBcgcBcgLAcgqAVf5ACf5A$e^LE$eLEme3F4eoFOdRFOdiGOdDG4eZGmeZG$eZGCfDGVfiGcgRFcgoFcg3FVfLECfLE$e" /><g i="47" c="436" charCode="70" p="%^xA$vsy$vsy9epI9epI$fxA$fxAxmWHxmWHnoxAno" /><g i="48" c="437" charCode="119" p="%^4J$vDG9o#oGrnLFTkFFTk#aF0nPEaohC$vXz$vhwDipyDi#IzGnnAjq#3BXs9BStfBSt#oB9tHB3s#_BYqcCiqFEDiSGDifJiq#XJpsaKQthKQt#kKotxKus#LKzr4NDibPDiuL$v" /><g i="49" c="438" charCode="65" p="%^HJ$vsHkqiAkq5y$v$v$v3D4ePE4eQL$v^PGsoKEWi#kEThVDlg#EDwh7DWi1Bso" /><g i="50" c="439" charCode="47" p="%^XE9egy$vfw$vVC9e" /><g i="51" c="440" charCode="68" p="#^HMVmHMkrhKGtUH$voD$v%sy$v%sy9e%WD9e4I9enKtgHMMiHMVm^vK_mvKujLIJh$GYfyDYf%xAYf%xAcu%2DcuMGcuDIosvKzqvK_m" /><g i="52" c="441" charCode="57344" p="#^aEbk%MAbk%MA$v%Ly$v%Lybk%mwbk%mwhj%Lyyi%LyOhLyTc3DTc6ETcyFid%0FWeRDye0DyeTByejBjfMA4gMALh%MADi%aEDi" /><g i="53" c="442" charCode="76" p="%^sy$vsy9exA9exA7uoI7uoI$v" /><g i="54" c="443" charCode="106" p="#^xw$Bmv$BEuIB%Eu2AuviAjwiAgxiAIxNz9ygz9ycy%9yDi%aADi%aA2yaA$Bxw$B^_x$e_xiejy_dFyFdazFdFzFd0A_dnAjenA$enAHf0A1gFzmgazmgFymgjy1g_xHf_x$e" /><g i="55" c="444" charCode="49" p="#^KE$v%LC$v%LChjLCIhRChgBCxggCPgYB5hnzcj%iyPh%0D9e%KE9e" /><g i="56" c="445" charCode="46" p="#^SxIuSxUtdyttBy2tiz2t$z2toAttOAUtOAIuOAvvoAXv$zmwizmwGymwgy_vSxBvSxIu" /><g i="57" c="446" charCode="33" p="#^_z4r%Iy4r%4y9e%BA9e^SxIuSx2tjz2t1A2tpAutOAVtOAIuOAuvpAWv0AmwjzmwHymwgy_vSxBvSxIu" /><g i="58" c="447" charCode="50" p="#^YI$v%dx$v%dxfu%WBxp4EmnLErmrFvlNFDk7GKj7GJi7GihfFtgoEDfRCDfKBDfKA$fLzmgxykh%sxXfWzUdQCUdlFUdMGbfcItgcIEicIlkfH$liGFnGDcq%Mz1u%Mz7u%YI7u" /><g i="59" c="448" charCode="51" p="#^hIlihI3kjH9lmGemCECm%CEImLGZmNH4oQIapQIYqQIvt3HTuiFfw1CfwCAfwrz1wgyQv8xhv%8xmtjyXtDzeuXAxu6CxuKGxuKGVqKGFnDBFn%TzFn%TzVl%FBVlKDVlYE_kbG3kbGqibG6hhFngoEDfRCDfGBDfEAYfCzgggy6h%fxLflyTeNzoedBUdOCUdpFUdRG5fhIhghIli" /><g i="60" c="449" charCode="57347" p="#^EMbk%eJbk%eJ$v%dH$v%dHbk%QEbk%QEhj%dHyi%dHOhdHTcxLTcAMTc0Oid%uNWejMyeuLyelKyeNJjfeJ4geJLh%eJDi%EMDi^aEbk%MAbk%MA$v%Ly$v%Lybk%mwbk%mwhj%Lyyi%LyOhLyTc3DTc6ETcyFid%0FWeRDye0DyeTByejBjfMA4gMALh%MADi%aEDi" /><g i="61" c="450" charCode="88" p="%^kK$vZH$vaD9oiy$v5w$v1CGmvw9eOy9edDdlHH9eUJ9enECm" /><g i="62" c="451" charCode="59" p="#^hA5t%sAnt8ABuxzcwXyQxiydz%Mwdz5xYxux4wUxdu2y5t^OxXjOxhifzhiLAhiLAXjLAJklA9lXzAlfzAlyyAlay9lOxJkOxXj" /><g i="63" c="452" charCode="113" p="#^cDyudFyu8Gtt4Hns8HOp%8Hlp8HymbGjleF4kaD4koB4krAtlvzRmvznpvzVrrAetnByucDyu^UCfwjAfwSyrupxCspxlppx3mSydkkAniXCniHFni9Hsk%gHsk%zHDi%aJDi%aJ$B%8H$B%8Hhw8H3vgHcu%6HcuJFfwUCfw" /><g i="64" c="453" charCode="87" p="#^1O$v%ZL$v%nI2k7IfjOH2iuHRgtHBgcHciDG7k%7D$v%4B$v%kw9e%xy9e%lBapXBvrcCntxC8raD$o%nG9e%AI9e%WL6pwM$qWMnt8NErON9p%CQ9e%OS9e" /><g i="65" c="454" charCode="63" p="#^xz4r%xzqqxz_oZz3opA8nCB7mgDJkID0k8Eij8Eii8E3hkDogxCIf1BIf3AIf8zXfey9g2xLg%kw6fEyUd9BUduDUdNE2f4Gbg4Ghi4GajQFRjBFwk7F7lGEKl7D4nUB7ovBQo6Bwp6BGq%6B4r^XyIuXy2toA2t6B2tuButTBVtTBIuTBuvuBWv5BmwoAmwMzmwlz_vXyBvXyIu" /><g i="66" c="455" charCode="52" p="%^OJVr8HVr8H$vcF$vcFVrxwVrxw8q$E3e8H3e8H3qOJ3q^cF3qcF7k#cFoikFbgeFbg#EEmh7E7iyy3q" /><g i="67" c="456" charCode="53" p="#^OC6lDF6leHwmSIVnSIkqSI6t5HHukFfwdCfwdzfwDxhv%DxktuyTtLzbu0BvufCvupEvuBFutNGtsNGzqNGQmcCQm2BQm5zbn%2ywm%Jy9e%BH9e%BH1g%sA1g%$zolpB6lOC6l" /><g i="68" c="457" charCode="120" p="%^nB9pJwDi1zDiyCLn3GDilIDiID9pBI$viG$vyCAqMy$vtw$v" /><g i="69" c="458" charCode="8220" p="#^YAgk%MA$jsBnhXC9e%rE9e4EzfJDkhmD4jcDgk^swgk%jw$jAwViaxghMxDfsy9e%Yz9e9zfhIygk" /><g i="70" c="459" charCode="8221" p="#^Mz9e%YzqeEzEf1zghryTiOxgk%jwgk9xOgyx9e^hE9e%rEqe9ExfzD9h_CNiiCgk%MAgk5B2juBahUBif2C9e" /><g i="71" c="460" charCode="86" p="#^EI9e%TK9e%rE$v%oC$v%$v9e%cy9e%iCIp$CHrqDAtSDBrzEDp" /><g i="72" c="461" charCode="57346" p="#^aEbk%MAbk%MA$v%Ly$v%Lybk%mwbk%mwhj%Lyyi%LyOhLyTc3DTc6ETcyFid%0FWeRDye0DyeTByejBjfMA4gMALh%MADi%aEDi^EI$v%DG$v%DG$c%EI$c" /><g i="73" c="462" charCode="8211" p="%^$weq$wnovHnovHeq" /><g i="74" c="463" charCode="196" p="#^HJ$v%sHkq%iAkq%5y$v%$v$v%3D4e%PE4e%QL$v^PGso%KEWikEThVDlgEDwh7DWi%1Bso^rATarAeaMAY95BG9yBG9$BG9kCY9GCeaGCTaGCubkCNb$B4cyB4c5B4cMANbrAubrATa^5FTa5FeapFY9KFG9bGG9EGG9ZGY9jHeajHTajHubZGNbEG4cbG4cKF4cpFNb5Fub5FTa" /><g i="75" c="464" charCode="39" p="%^Uz9epzCk7yCkDx9e" /><g i="76" c="465" charCode="48" p="#^2J3n2JHrBHZt8Gfw7DfwfAfwLyWtfxArfx3nfxoiIy8g9ATd7DTd1GTdxHeg2JBi2J3n^iz3nizYqcAKs7Bvu7Dvu9Fvu3GIsZGVqZG3nZGdj3Grh9FEf7DEf7BEfcAphizajiz3n" /><g i="77" c="466" charCode="57345" p="#^aEbk%MAbk%MA$v%Ly$v%Lybk%mwbk%mwhj%Lyyi%LyOhLyTc3DTc6ETcyFid%0FWeRDye0DyeTByejBjfMA4gMALh%MADi%aEDi^EI$v%DG$v%DGDi%EIDi^sG$esGieNG_d7HFdEHFd7IFduI_dRIjeRI$eRIHfuI1g7ImgEHmg7HmgNG1gsGHfsG$e" /></glyphs></font><font id="20" name="Wingdings Charset1_ 5pMCFQ76c1W"><glyphs><g i="0" c="256" charCode="61548" p="#^6yZm6yZjdAShlCKfkFKfjIKfrKShzMZjzMZmzMYprK4sjIbukFbulCbudA4s6yYp6yZm" /><g i="1" c="257" charCode="9" p="#" /></glyphs></font><font id="30" name="Open SansBoldItalic Charset1_ 66ltJp5g43w"><glyphs><g i="0" c="384" charCode="83" p="#^yHKqyHhtKFMuXDfwRAfw9yfwvw9v%vwPrSy7tTA7teC7t$CCsND4sNDbrNDFqCDgqsDSp8DwpRCapDBhoXz3nfzTlAyHkAykjAyLhkzwg5AgfuBAeUCUdIEUdmHUdyJ6f%dIYhjG2hIE2hHD2h1DBhoC8ioC2joCOjOCmkcDVkCEPl4GOmPG_nyH9pyHKq" /><g i="1" c="385" charCode="112" p="#^WF5iIH5iKIpjMJJkMJ4nMJppWIzr5IJtEG_ubFfwsDfwrCfwIBOvZAlvlAgu%fAgu5AcwJzSx%Ry$B%av$B%lzmi%9Cmi%XBqk%3CqkKD5iWF5i^sE4lDD4lRCVl3CJmBB5o7Btp7B7r7B6sABIs1ChtQChtEDhtnErs7FBrAF7q2GFo2Gdn2G4lsE4l" /><g i="2" c="386" charCode="114" p="#^hG5i$G5isHei%EGMl5GAlqFAl$DAlXCImTBPnqBUp%7A$v%sw$v%lzmi%9Cmi%UBTk%ZBTkMD5ihG5i" /><g i="3" c="387" charCode="101" p="#^vELkqDLktCKlwBImdB6o%NB6oGD6oJEwnNFWmNFVlNFLkvELk^vCfwXzfwwyTu5xut5xZq5xro5ymm6zhkQAbjzC5iKE5iUG5i5I5jjJ5kjJQljJ6ogHmpeFBqrBBq%QABq%OARq%OA5rOAcsqBRs3CutdDuthEut8Fft0G0tfHrs%fHcv9FfwvCfw" /><g i="4" c="388" charCode="99" p="#^aCfwJzfwpyXu5xDt5xer5xEo$xxmWypkzAfjdC5ikE5iyG5ikIZi%cHNlyGvlVFilhF4ltE4lrD4lBCSlMBEmiB$nQAmpQAWqQA5snBHsXBhtWChtRDhtEE$srFIshGhs%hGhvqEfwaCfw" /><g i="5" c="389" charCode="104" p="#^WH$v%fE$v%WF1o7Gcn7GAm7G4lOE4lGD4lLCtmRBSnkBlq%7A$v%sw$v%uA$c%9E$cGDcfqDogaDAhnCak%tCakdDej8EGi4F5iiG5i_H5iVI6jQJ7kQJ1mQJWmyJdo" /><g i="6" c="390" charCode="107" p="%^eHmirLmilFwoQI$vKE$vvCTq1BLr7A$vsw$vuA$c9E$clCul#fC_l$BVmFB9oIB9o" /><g i="7" c="391" charCode="252" p="#^czmi%TCmi%cBkq$A9r$ANr$AhtkChtsDhtmEUrhFvqOF0o%$Gmi%GKmi%NH$v%ZE$v%eFut%9FutoDfwQAfw8zfwfyfvmxeumxksmxcrExKp^0B7f0BaexBHd3Ccd$CcdDEcdDEweDEpf8EXfGDtgGCtg0Btg0B7f^WF7fWFaerGHdYGcdVHcdIIcd6JydxJTdxJwexJpf2JXfzItgAHtgWFtgWF7f" /><g i="8" c="392" charCode="110" p="#^WH$v%fE$v%WF1o7Gcn7GAm7G4lOE4lGD4lLCtmRBSnkBlq%7A$v%sw$v%lzmi%9Cmi%UBTk%ZBTkLD5iiG5i_H5iVI6jQJ7kQJ1mQJWmyJdo" /><g i="9" c="393" charCode="115" p="#^7Gvr7GOtBE1v4DfwnAfw3zfw5y3w7xUvhwsv%hwrscyxtaAxt9BxtMB8toCKsoC2soCwrXB6rvBHqlA3qTyephypoIxAnIxsmIxnk2zejoA5iUC5ilF5ikHfj%7GUlpESkZCSkhCSkRBalqBulqB$lqBumPBRmcCcnhDLnNEwosFqp7Gkq7Gvr" /><g i="10" c="394" charCode="116" p="#^hCht3DhtfESs%fECvUCfw$AfwazfwjyuvsxJusx5tsxusBxKr%$y9l%8x9l%vxmj%Uzki%vBsf%TDsf%hDmi%KGmi%7G9l%GC9l%hBKrcB5scBnscBhthCht" /><g i="11" c="395" charCode="108" p="%^7A$vsw$vuA$c9E$c" /><g i="12" c="396" charCode="105" p="#^Xz9fXz5ewAyd5B$c9C$c2D$cvDodZDMdZDteZDsfqD3gUCFgNBFgXzFgXz9f^7A$v%sw$v%lzmi%0Dmi" /><g i="13" c="397" charCode="32" p="#" /><g i="14" c="398" charCode="75" p="%^WJ$vOF$vdDNoIBDpnA$vEw$vqA9e9E9eiCJmeEdkdJ9eDN9enGIm" /><g i="15" c="399" charCode="111" p="#^QFvnQF5l4E5laD5lrCRlJBBmfB1oOAtpOA$qOAgtDCgtyDgthEws0FMrqFqqQF4pQFvn^xJvnxJ4qFI4sOH3uaG9vzEfwkCfwXzfwwyPu5xnt5x$q5xooZxmmRykkuAdj8C5ilE5iLG5i8IxjxJZkxJvn" /><g i="16" c="400" charCode="109" p="#^iG5iZI5ivJTk%AJTkpKxjxLPiFM5iXN5iCP5itQ8jlRaklR1mlRYm3Rdo%sP$v%ML$v%sN1oFNcnFNAmFN4lsM4lkL4lqKsmwJPnZIkq%OH$v%7E$v%OF1o$Fcn$FAm$F4lOE4lGD4lLCtmRBSnkBlq%7A$v%sw$v%lzmi%9Cmi%UBTk%ZBTkLD5iiG5i" /><g i="17" c="401" charCode="117" p="#^czmi%TCmi%cBkq$A9r$ANr$AhtkChtsDhtmEUrhFvqOF0o%$Gmi%GKmi%NH$v%ZE$v%eFut%9FutoDfwQAfw8zfwfyfvmxeumxksmxcrExKp" /><g i="18" c="403" charCode="97" p="#^YAfw9zfw7yYu5xFt5xir5xUoZxImSyvkhAijJB5iqD5iCE5itFCikG7jOG6k%VG6k%BHmi%qKmi%xH$v%KE$v%VEeu%REeudDfwYAfw^oChteDht0EtsOEErgFfqLFRoLF4nLFdmhFFlPE4l2E4ldD4ltCZlJBRmgBhoQAJpQA7rQAcseBLsEBhtoCht" /><g i="19" c="404" charCode="122" p="%^7F$vqv$vSvOtTCcl1yclFymiOHmihHOknA9tKF9t" /><g i="20" c="405" charCode="87" p="#^hIAjJHmlTGdn%WC$v%Oy$v%fy9e%LB9e%QBUnQBxoMB0qJBurFB7s%JB7s$BlryCWp5DvohD9o%NH9e%4L9e%kLPokLBqdL7s%iL7sPLzqUMTn%WQ9e%HU9e%OM$v%AI$v%jIcn%hIvlhIqkkIAj" /><g i="21" c="406" charCode="44" p="#^CA5t%IAntgzuwvxdz%LudzFvbx7x5t" /></glyphs></font><font id="40" name="Arial Charset1_ 5upxOuSRubs"><glyphs><g i="0" c="888" charCode="8226" p="#^kxenkxYley2l8z8kqA8kIB8kCC2lwDYlwDenwDwoCCqpIBkqqAkq8zkqeyqpkxwokxen" /><g i="1" c="889" charCode="9" p="#" /></glyphs></font><font id="50" name="Open SansItalic Charset1_ 5s3jiHljhTQ"><glyphs><g i="0" c="384" charCode="51" p="#^5JRh5JLjSH4lDGpmsEOm%sEVmZFbnQGdoHHepHHLqHHnsXGDtbGSuKEzvhDfwhBfwIyfwAwhv%AwhtJxUt$yduhAxukBxuiDxuoEztvFBsvFVqvFjpxEuozDFnRBFn%fAFn%DAVl%kCVllEVlGFRk$GNj$G3i$GXghGhgAFDfnEDfoDDfsCYfwBhgkA5h%lzFfJBUdwEUdIGUdUHYe5J0g5JRh" /><g i="1" c="385" charCode="100" p="#^ODpiaGpieHJk%mHJkzHQiVHnh%SI$c%TK$c%SG$v%9F$v%qFst%kFst5E_u0DDvXBfwOAfw5zfw8y3vcxStcxKrcx7p4yYmYyNkrABjXBpiODpi^uByuDCyuRDpt3FgsNFvqvGJovGTmvGxlRFQkbF6kWD6kHC6kDB7lAA7mXzYnizMpizNrizyuuByu" /><g i="2" c="386" charCode="109" p="#^vE$v%iGynwGpmwGVlwG2l8GAkMF5kRE5kQD5kSCQkUBzl8BWmpAho$zcq%My$v%Jw$v%AzDi%hBDi%$A5l%7B5lbCEjeD0jiEniqFniOGniyHajiIZjqInl%xInlAJSjLK7jXLni9NniIOniyPcjoQ1koQDloQsm7QOn%nO$v%iM$v%6OynlOhmlOMllO0lWNzkvN5kBM5kCL5kEKPkHJwlYIPmeI6oSHUp%yG$v" /><g i="3" c="387" charCode="97" p="#^ODniWEniOF_iHGAjaHJk%iHJk%7IDi%GJDi%QG$v%cF$v%wFst%qFsteDfwQAfw7zfw9y2vcxQtcxKrcxbp3y0nXyRksACj_BniODni^uByuGCyuRDqt0FhsKFtqtGFotGRmtGAlNFRk6F5k$D5kJC5kDB8lyAbmWz_nizNpizNrizatSzStrAyuuByu" /><g i="4" c="388" charCode="110" p="#^VE$v%IGynYGhmYGOlYG0lwGzk4G5k7F5k2E5k0DQk_BzlbBWmpAgo$zcq%My$v%Jw$v%AzDi%hBDi%$A5l%7B5liCCjoD$iuEniFFnicHni5Iej$I4k$IBl$IzmJIOn%ZG$v" /><g i="5" c="389" charCode="95" p="%^CDYzItYz4ufyZDfy" /><g i="6" c="390" charCode="101" p="#^$BfwMzfwuyWucxBtcxercxXo6yQm0zJkwAyj0CniQDniHFniDGbjAH$jAHslAHFnyFVowD9qLz9q%lz9q%iz8rizKs2AEtOAxunCxu8DxuYDjuME5uZFvt%ZFhvQEQvXD1w3Dfw$Bfw^ID7krC7kkBhleAqmFzso%OzsoACso3EKnyF$myFDlyF_k5FzkFE7kID7k" /><g i="7" c="391" charCode="117" p="#^vBDi%Gz6rszbsszOsszyufByukCyumDPtpE4tbFJr_FlqpGqo%DHDi%EJDi%QG$v%7F$v%pFxt%fFxt3E2vZCFvUBfwJAfw9zfwgypvnxyunx_snxdsExTq%rzDi" /><g i="8" c="392" charCode="32" p="#" /><g i="9" c="393" charCode="112" p="#^FCfwtBfwAAEvHz1vczXt%4zXt%1zou_yIuUyfvPyOvvx$B%tv$B%AzDi%hBDi%YAal%2BaleDpiBFpigHpieIBjcJNkcJXmcJxpmIHrwHRt0G2vxEfwFCfw^WE6kLD6kxCglkBqmCAboUzXpUzNrUz7tzARtfByuxCyuKDyuNEztQFAssGLq5HWo5HTm5H6kWE6k" /><g i="10" c="394" charCode="105" p="#^My$v%Jw$v%AzDi%DBDi^9Acf9AweyA5eXAFdyBFdDCFdDCLeDCqfdCUfPBmghBmgNAmgtA3g9ALf9Acf" /><g i="11" c="395" charCode="120" p="%^IBIqux$v5v$vUA6p_xDi2ADiaCFncGDiAIDi0Dcp5G$v2E$v" /><g i="12" c="396" charCode="98" p="#^FCfwtBfwzADvGz$udzXt%5zXt%fy$v%Jw$v%LA$c%OC$caCYfQBxhvB5jWAcl%1BclaCMjgD5jnEpiyFpigHpieIDjcJQkcJXmcJupmIFrxHQt1G2vxEfwFCfw^WE6kLD6kxCglkBqmCAboUzXpUzNrUz7tzARtfByuxCyuKDyuNEztQFAssGLq5HWo5HTm5H6kWE6k" /><g i="13" c="397" charCode="121" p="#^cxDi%fzDi%9AhpgA6qnAMrvAptvApu%AApu$AltEBZrhCAqAC3q%yGDi%JIDi%dAgy5zmAZxaBSw$Biv$Bqu$BBtLB%Bt5AmujAbvjAbwjAVwHzDx4ziyTx%dzdw" /><g i="14" c="398" charCode="46" p="#^xw5vxw9u0xCtwx2tny2tVy2tdzntyzHtyzkuyzcv3zNvAymwLxmwbxmwSw1wxwJvxw5v" /><g i="15" c="399" charCode="99" p="#^aCfwPzfwvyYucxEtcxfrcxPo5yLm$yHkBAxjbCniaEniRFnisH$i%TGJkpF5kcE5kRC5kIB1lAAZlXzEnizipizfrizPs6AHtWAyulCyudDyu$DjuNE3uyFKt%yFuv1EfwaCfw" /><g i="16" c="400" charCode="111" p="#^RDsiaGsiwHQjSIclSICnSIVpZHYr5H_tBF5v5EcwcCcwSzcwxyQucxrtcx2rcxKo5yHm_yEkuAyj$BsiRDsi^KGknKGWlZF2lcFakUDakzCakvB4lsA_lTzBnizbpiz9rizLs3ADtRAvuiCvuzDvuAECtBFJs9G4rKGrpKGkn" /><g i="17" c="401" charCode="67" p="#^vHLfnFLfHDXg0C7i1Bqk2AIm2App2AHreB2trCpuwEpudGpusIIt%sIxvpHVvsG4wvFfw9EfwcBfwwzquQxBsQxspQxgm6zxjpANgAClfLEUdvHUdVJUdLLTe%VKBgdJLfvHLf" /><g i="18" c="403" charCode="48" p="#^kJDjkJenmIdqpHbtLFJu6EfwWBfwMzfwDyIuux8tuxbquxUmuyVjuzWg7BpfMCTdTETdkJTdkJDj^LEEfnDEfcC2h1BsiiA_kAzwnAz9qAzfsbAntOAvu9CvuzDvuIE6tRFJrxG6peHvmeHAjeHEfLEEf" /><g i="19" c="404" charCode="80" p="#^8KMi8KNl8Ion8G_ohC_o%DA_o%7z$v%2x$v%QA9e%RE9etH9eOIjf8Ktg8KMi^$Acn%DCcngFcnDG5m$H_k$HQi$Hjh8HEgiGYfyEYf%zCYf" /><g i="20" c="405" charCode="108" p="%^Ly$vIw$vLA$cOC$c" /><g i="21" c="406" charCode="68" p="#^TLilTLuoBKWqjJmtWGHuyE$vlB$v%2x$v%QA9e%$E9emI9e6K_fTLPhTLil^uBcuYDcuPF5tHHZrGIXpGJUnGJglGJFipIjh9HYfKEYf%zCYf%vzcu" /></glyphs></font></bwFonts>